﻿id,label
44,eosinophil
45,eosinophil
46,eosinophil
47,eosinophil
48,eosinophil
49,eosinophil
50,eosinophil
51,eosinophil
52,eosinophil
53,eosinophil
54,eosinophil
55,eosinophil
56,eosinophil
57,eosinophil
58,eosinophil
59,eosinophil
60,eosinophil
61,eosinophil
62,eosinophil
63,eosinophil
64,eosinophil
65,eosinophil
66,eosinophil
67,eosinophil
68,eosinophil
69,eosinophil
70,eosinophil
71,eosinophil
72,eosinophil
73,eosinophil
74,eosinophil
75,eosinophil
76,eosinophil
77,eosinophil
78,eosinophil
79,eosinophil
80,eosinophil
81,eosinophil
82,eosinophil
83,eosinophil
84,eosinophil
85,eosinophil
86,eosinophil
87,eosinophil
88,eosinophil
89,eosinophil
90,eosinophil
91,eosinophil
92,eosinophil
93,eosinophil
94,eosinophil
95,eosinophil
96,eosinophil
97,eosinophil
98,eosinophil
99,eosinophil
100,eosinophil
101,eosinophil
102,eosinophil
103,eosinophil
104,eosinophil
105,eosinophil
106,eosinophil
107,eosinophil
108,eosinophil
109,eosinophil
110,eosinophil
111,eosinophil
112,eosinophil
113,eosinophil
114,eosinophil
115,eosinophil
116,eosinophil
117,eosinophil
118,eosinophil
119,eosinophil
120,eosinophil
121,eosinophil
122,eosinophil
123,eosinophil
124,eosinophil
125,eosinophil
126,eosinophil
127,eosinophil
128,eosinophil
129,eosinophil
130,eosinophil
131,eosinophil
132,eosinophil
133,eosinophil
134,eosinophil
135,eosinophil
136,eosinophil
137,eosinophil
138,eosinophil
139,eosinophil
140,eosinophil
141,eosinophil
142,eosinophil
143,eosinophil
144,eosinophil
145,eosinophil
146,eosinophil
147,eosinophil
148,eosinophil
149,eosinophil
150,eosinophil
151,eosinophil
152,eosinophil
153,eosinophil
154,eosinophil
155,eosinophil
156,eosinophil
157,eosinophil
158,eosinophil
159,eosinophil
160,eosinophil
161,eosinophil
162,eosinophil
163,eosinophil
164,eosinophil
165,eosinophil
166,eosinophil
167,eosinophil
168,eosinophil
169,eosinophil
170,eosinophil
171,eosinophil
172,eosinophil
173,eosinophil
174,eosinophil
175,eosinophil
176,eosinophil
177,eosinophil
178,eosinophil
179,eosinophil
180,eosinophil
181,eosinophil
182,eosinophil
183,eosinophil
184,eosinophil
185,eosinophil
186,eosinophil
187,eosinophil
188,eosinophil
189,eosinophil
190,eosinophil
191,eosinophil
192,eosinophil
193,eosinophil
194,eosinophil
195,eosinophil
196,eosinophil
197,eosinophil
198,eosinophil
199,eosinophil
200,eosinophil
201,eosinophil
202,eosinophil
203,eosinophil
204,eosinophil
205,eosinophil
206,eosinophil
207,eosinophil
208,eosinophil
209,eosinophil
210,eosinophil
211,eosinophil
212,eosinophil
213,eosinophil
214,eosinophil
215,eosinophil
216,eosinophil
217,eosinophil
218,eosinophil
219,eosinophil
220,eosinophil
221,eosinophil
222,eosinophil
223,eosinophil
224,eosinophil
225,eosinophil
226,eosinophil
227,eosinophil
228,eosinophil
229,eosinophil
230,eosinophil
231,eosinophil
232,eosinophil
233,eosinophil
234,eosinophil
235,eosinophil
236,eosinophil
237,eosinophil
238,eosinophil
239,eosinophil
240,eosinophil
241,eosinophil
242,eosinophil
243,eosinophil
244,eosinophil
245,eosinophil
246,eosinophil
247,eosinophil
248,eosinophil
249,eosinophil
250,eosinophil
251,eosinophil
252,eosinophil
253,eosinophil
254,eosinophil
255,eosinophil
256,eosinophil
257,eosinophil
258,eosinophil
259,eosinophil
260,eosinophil
261,eosinophil
262,eosinophil
263,eosinophil
264,eosinophil
265,eosinophil
266,eosinophil
267,eosinophil
268,eosinophil
269,eosinophil
270,eosinophil
271,eosinophil
272,eosinophil
273,eosinophil
274,eosinophil
275,eosinophil
276,eosinophil
277,eosinophil
278,eosinophil
279,eosinophil
280,eosinophil
281,eosinophil
282,eosinophil
283,eosinophil
284,eosinophil
285,eosinophil
286,eosinophil
287,eosinophil
288,eosinophil
289,eosinophil
290,eosinophil
291,eosinophil
292,eosinophil
293,eosinophil
294,eosinophil
295,eosinophil
296,eosinophil
297,eosinophil
298,eosinophil
299,eosinophil
300,eosinophil
301,eosinophil
302,eosinophil
303,eosinophil
304,eosinophil
305,eosinophil
306,eosinophil
307,eosinophil
308,eosinophil
309,eosinophil
310,eosinophil
311,eosinophil
312,eosinophil
313,eosinophil
314,eosinophil
315,eosinophil
316,eosinophil
317,eosinophil
318,eosinophil
319,eosinophil
320,eosinophil
321,eosinophil
322,eosinophil
323,eosinophil
324,eosinophil
325,eosinophil
326,eosinophil
327,eosinophil
328,eosinophil
329,eosinophil
330,eosinophil
331,eosinophil
332,eosinophil
333,eosinophil
334,eosinophil
335,eosinophil
336,eosinophil
337,eosinophil
338,eosinophil
339,eosinophil
340,eosinophil
341,eosinophil
342,eosinophil
343,eosinophil
344,eosinophil
345,eosinophil
346,eosinophil
347,eosinophil
348,eosinophil
349,eosinophil
350,eosinophil
351,eosinophil
352,eosinophil
353,eosinophil
354,eosinophil
355,eosinophil
356,eosinophil
357,eosinophil
358,eosinophil
359,eosinophil
360,eosinophil
361,eosinophil
362,eosinophil
363,eosinophil
364,eosinophil
365,eosinophil
366,eosinophil
367,eosinophil
368,eosinophil
369,eosinophil
370,eosinophil
371,eosinophil
372,eosinophil
373,eosinophil
374,eosinophil
375,eosinophil
376,eosinophil
377,eosinophil
378,eosinophil
379,eosinophil
380,eosinophil
381,eosinophil
382,eosinophil
383,eosinophil
384,eosinophil
385,eosinophil
386,eosinophil
387,eosinophil
388,eosinophil
389,eosinophil
390,eosinophil
391,eosinophil
392,eosinophil
393,eosinophil
394,eosinophil
395,eosinophil
396,eosinophil
397,eosinophil
398,eosinophil
399,eosinophil
400,eosinophil
401,eosinophil
402,eosinophil
403,eosinophil
404,eosinophil
405,eosinophil
406,eosinophil
407,eosinophil
408,eosinophil
409,eosinophil
410,eosinophil
411,eosinophil
412,eosinophil
413,eosinophil
414,eosinophil
415,eosinophil
416,eosinophil
417,eosinophil
418,eosinophil
419,eosinophil
420,eosinophil
421,eosinophil
422,eosinophil
423,eosinophil
424,eosinophil
425,eosinophil
426,eosinophil
427,eosinophil
428,eosinophil
429,eosinophil
430,eosinophil
431,eosinophil
432,eosinophil
433,eosinophil
434,eosinophil
435,eosinophil
436,eosinophil
437,eosinophil
438,eosinophil
439,eosinophil
440,eosinophil
441,eosinophil
442,eosinophil
443,eosinophil
444,eosinophil
445,eosinophil
446,eosinophil
447,eosinophil
448,eosinophil
449,eosinophil
450,eosinophil
451,eosinophil
452,eosinophil
453,eosinophil
454,eosinophil
455,eosinophil
456,eosinophil
457,eosinophil
458,eosinophil
459,eosinophil
460,eosinophil
461,eosinophil
462,eosinophil
463,eosinophil
464,eosinophil
465,eosinophil
466,eosinophil
467,eosinophil
468,eosinophil
469,eosinophil
470,eosinophil
471,eosinophil
472,eosinophil
473,eosinophil
474,eosinophil
475,eosinophil
476,eosinophil
477,eosinophil
478,eosinophil
479,eosinophil
480,eosinophil
481,eosinophil
482,eosinophil
483,eosinophil
484,eosinophil
485,eosinophil
486,eosinophil
487,eosinophil
488,eosinophil
489,eosinophil
490,eosinophil
491,eosinophil
492,eosinophil
493,eosinophil
494,eosinophil
495,eosinophil
496,eosinophil
497,eosinophil
498,eosinophil
499,eosinophil
500,eosinophil
501,eosinophil
502,eosinophil
503,eosinophil
504,eosinophil
505,eosinophil
506,eosinophil
507,eosinophil
508,eosinophil
509,eosinophil
510,eosinophil
511,eosinophil
512,eosinophil
513,eosinophil
514,eosinophil
515,eosinophil
516,eosinophil
517,eosinophil
518,eosinophil
519,eosinophil
520,eosinophil
521,eosinophil
522,eosinophil
523,eosinophil
524,eosinophil
525,eosinophil
526,eosinophil
527,eosinophil
528,eosinophil
529,eosinophil
530,eosinophil
531,eosinophil
532,eosinophil
533,eosinophil
534,eosinophil
535,eosinophil
536,eosinophil
537,eosinophil
538,eosinophil
539,eosinophil
540,eosinophil
541,eosinophil
542,eosinophil
543,eosinophil
544,eosinophil
545,eosinophil
546,eosinophil
547,eosinophil
548,eosinophil
549,eosinophil
550,eosinophil
551,eosinophil
552,eosinophil
553,eosinophil
554,eosinophil
555,eosinophil
556,eosinophil
557,eosinophil
558,eosinophil
559,eosinophil
560,eosinophil
561,eosinophil
562,eosinophil
563,eosinophil
564,eosinophil
565,eosinophil
566,eosinophil
567,eosinophil
568,eosinophil
569,eosinophil
570,eosinophil
571,eosinophil
572,eosinophil
573,eosinophil
574,eosinophil
575,eosinophil
576,eosinophil
577,eosinophil
578,eosinophil
579,eosinophil
580,eosinophil
581,eosinophil
582,eosinophil
583,eosinophil
584,eosinophil
585,eosinophil
586,eosinophil
587,eosinophil
588,eosinophil
589,eosinophil
590,eosinophil
591,eosinophil
592,eosinophil
593,eosinophil
594,eosinophil
595,eosinophil
596,eosinophil
597,eosinophil
598,eosinophil
599,eosinophil
600,eosinophil
601,eosinophil
602,eosinophil
603,eosinophil
604,eosinophil
605,eosinophil
606,eosinophil
607,eosinophil
608,eosinophil
609,eosinophil
610,eosinophil
611,eosinophil
612,eosinophil
613,eosinophil
614,eosinophil
615,eosinophil
616,eosinophil
617,eosinophil
618,eosinophil
619,eosinophil
620,eosinophil
621,eosinophil
622,eosinophil
623,eosinophil
624,eosinophil
625,eosinophil
626,eosinophil
627,eosinophil
628,eosinophil
629,eosinophil
630,eosinophil
631,eosinophil
632,eosinophil
633,eosinophil
634,eosinophil
635,eosinophil
636,eosinophil
637,eosinophil
638,eosinophil
639,eosinophil
640,eosinophil
641,eosinophil
642,eosinophil
643,eosinophil
644,eosinophil
645,eosinophil
646,eosinophil
647,eosinophil
648,eosinophil
649,eosinophil
650,eosinophil
651,eosinophil
652,eosinophil
653,eosinophil
654,eosinophil
655,eosinophil
656,eosinophil
657,eosinophil
658,eosinophil
659,eosinophil
660,eosinophil
661,eosinophil
662,eosinophil
663,eosinophil
664,eosinophil
665,eosinophil
666,eosinophil
667,eosinophil
668,eosinophil
669,eosinophil
670,eosinophil
671,eosinophil
672,eosinophil
673,eosinophil
674,eosinophil
675,eosinophil
676,eosinophil
677,eosinophil
678,eosinophil
679,eosinophil
680,eosinophil
681,eosinophil
682,eosinophil
683,eosinophil
684,eosinophil
685,eosinophil
686,eosinophil
687,eosinophil
688,eosinophil
689,eosinophil
690,eosinophil
691,eosinophil
692,eosinophil
693,eosinophil
694,eosinophil
695,eosinophil
696,eosinophil
697,eosinophil
698,eosinophil
699,eosinophil
744,basophil
745,basophil
746,basophil
747,basophil
748,basophil
749,basophil
750,basophil
751,basophil
752,basophil
753,basophil
754,basophil
755,basophil
756,basophil
757,basophil
758,basophil
759,basophil
760,basophil
761,basophil
762,basophil
763,basophil
764,basophil
765,basophil
766,basophil
767,basophil
768,basophil
769,basophil
770,basophil
771,basophil
772,basophil
773,basophil
774,basophil
775,basophil
776,basophil
777,basophil
778,basophil
779,basophil
780,basophil
781,basophil
782,basophil
783,basophil
784,basophil
785,basophil
786,basophil
787,basophil
788,basophil
789,basophil
790,basophil
791,basophil
792,basophil
793,basophil
794,basophil
795,basophil
796,basophil
797,basophil
798,basophil
799,basophil
800,basophil
801,basophil
802,basophil
803,basophil
804,basophil
805,basophil
806,basophil
807,basophil
808,basophil
809,basophil
810,basophil
811,basophil
812,basophil
813,basophil
814,basophil
815,basophil
816,basophil
817,basophil
818,basophil
819,basophil
820,basophil
821,basophil
822,basophil
823,basophil
824,basophil
825,basophil
826,basophil
827,basophil
828,basophil
829,basophil
830,basophil
831,basophil
832,basophil
833,basophil
834,basophil
835,basophil
836,basophil
837,basophil
838,basophil
839,basophil
840,basophil
841,basophil
842,basophil
843,basophil
844,basophil
845,basophil
846,basophil
847,basophil
848,basophil
849,basophil
850,basophil
851,basophil
852,basophil
853,basophil
854,basophil
855,basophil
856,basophil
857,basophil
858,basophil
859,basophil
860,basophil
861,basophil
862,basophil
863,basophil
864,basophil
865,basophil
866,basophil
867,basophil
868,basophil
869,basophil
870,basophil
871,basophil
872,basophil
873,basophil
874,basophil
875,basophil
876,basophil
877,basophil
878,basophil
879,basophil
880,basophil
881,basophil
882,basophil
883,basophil
884,basophil
885,basophil
886,basophil
887,basophil
888,basophil
889,basophil
890,basophil
891,basophil
892,basophil
893,basophil
894,basophil
895,basophil
896,basophil
897,basophil
898,basophil
899,basophil
900,basophil
901,basophil
902,basophil
903,basophil
904,basophil
905,basophil
906,basophil
907,basophil
908,basophil
909,basophil
910,basophil
911,basophil
912,basophil
913,basophil
914,basophil
915,basophil
916,basophil
917,basophil
918,basophil
919,basophil
920,basophil
921,basophil
922,basophil
923,basophil
924,basophil
925,basophil
926,basophil
927,basophil
928,basophil
929,basophil
930,basophil
931,basophil
932,basophil
933,basophil
934,basophil
935,basophil
936,basophil
937,basophil
938,basophil
939,basophil
940,basophil
941,basophil
942,basophil
943,basophil
944,basophil
945,basophil
946,basophil
947,basophil
948,basophil
949,basophil
950,basophil
951,basophil
952,basophil
953,basophil
954,basophil
955,basophil
956,basophil
957,basophil
958,basophil
959,basophil
960,basophil
961,basophil
962,basophil
963,basophil
964,basophil
965,basophil
966,basophil
967,basophil
968,basophil
969,basophil
970,basophil
971,basophil
972,basophil
973,basophil
974,basophil
975,basophil
976,basophil
977,basophil
978,basophil
979,basophil
980,basophil
981,basophil
982,basophil
983,basophil
984,basophil
985,basophil
986,basophil
987,basophil
988,basophil
989,basophil
990,basophil
991,basophil
992,basophil
993,basophil
994,basophil
995,basophil
996,basophil
997,basophil
998,basophil
999,basophil
1000,basophil
1001,basophil
1002,basophil
1003,basophil
1004,basophil
1005,basophil
1006,basophil
1007,basophil
1008,basophil
1009,basophil
1010,basophil
1011,basophil
1012,basophil
1013,basophil
1014,basophil
1015,basophil
1016,basophil
1017,basophil
1018,basophil
1019,basophil
1020,basophil
1021,basophil
1022,basophil
1023,basophil
1024,basophil
1025,basophil
1026,basophil
1027,basophil
1028,basophil
1029,basophil
1030,basophil
1031,basophil
1032,basophil
1033,basophil
1034,basophil
1035,basophil
1036,basophil
1037,basophil
1038,basophil
1039,basophil
1040,basophil
1041,basophil
1042,basophil
1043,basophil
1044,basophil
1045,basophil
1046,basophil
1047,basophil
1048,basophil
1049,basophil
1050,basophil
1051,basophil
1052,basophil
1053,basophil
1054,basophil
1055,basophil
1056,basophil
1057,basophil
1058,basophil
1059,basophil
1060,basophil
1061,basophil
1062,basophil
1063,basophil
1064,basophil
1065,basophil
1066,basophil
1067,basophil
1068,basophil
1069,basophil
1070,basophil
1071,basophil
1072,basophil
1073,basophil
1074,basophil
1075,basophil
1076,basophil
1077,basophil
1078,basophil
1079,basophil
1080,basophil
1081,basophil
1082,basophil
1083,basophil
1084,basophil
1085,basophil
1086,basophil
1087,basophil
1088,basophil
1089,basophil
1090,basophil
1091,basophil
1092,basophil
1093,basophil
1094,basophil
1095,basophil
1096,basophil
1097,basophil
1098,basophil
1099,basophil
1100,basophil
1101,basophil
1102,basophil
1103,basophil
1104,basophil
1105,basophil
1106,basophil
1107,basophil
1108,basophil
1109,basophil
1110,basophil
1111,basophil
1112,basophil
1113,basophil
1114,basophil
1115,basophil
1116,basophil
1117,basophil
1118,basophil
1119,basophil
1120,basophil
1121,basophil
1122,basophil
1123,basophil
1124,basophil
1125,basophil
1126,basophil
1127,basophil
1128,basophil
1129,basophil
1130,basophil
1131,basophil
1132,basophil
1133,basophil
1134,basophil
1135,basophil
1136,basophil
1137,basophil
1138,basophil
1139,basophil
1140,basophil
1141,basophil
1142,basophil
1143,basophil
1144,basophil
1145,basophil
1146,basophil
1147,basophil
1148,basophil
1149,basophil
1150,basophil
1151,basophil
1152,basophil
1153,basophil
1154,basophil
1155,basophil
1156,basophil
1157,basophil
1158,basophil
1159,basophil
1160,basophil
1161,basophil
1162,basophil
1163,basophil
1164,basophil
1165,basophil
1166,basophil
1167,basophil
1168,basophil
1169,basophil
1170,basophil
1171,basophil
1172,basophil
1173,basophil
1174,basophil
1175,basophil
1176,basophil
1177,basophil
1178,basophil
1179,basophil
1180,basophil
1181,basophil
1182,basophil
1183,basophil
1184,basophil
1185,basophil
1186,basophil
1187,basophil
1188,basophil
1189,basophil
1190,basophil
1191,basophil
1192,basophil
1193,basophil
1194,basophil
1195,basophil
1196,basophil
1197,basophil
1198,basophil
1199,basophil
1200,basophil
1201,basophil
1202,basophil
1203,basophil
1204,basophil
1205,basophil
1206,basophil
1207,basophil
1208,basophil
1209,basophil
1210,basophil
1211,basophil
1212,basophil
1213,basophil
1214,basophil
1215,basophil
1216,basophil
1217,basophil
1218,basophil
1219,basophil
1220,basophil
1221,basophil
1222,basophil
1223,basophil
1224,basophil
1225,basophil
1226,basophil
1227,basophil
1228,basophil
1229,basophil
1230,basophil
1231,basophil
1232,basophil
1233,basophil
1234,basophil
1235,basophil
1236,basophil
1237,basophil
1238,basophil
1239,basophil
1240,basophil
1241,basophil
1242,basophil
1243,basophil
1244,basophil
1245,basophil
1246,basophil
1247,basophil
1248,basophil
1249,basophil
1250,basophil
1251,basophil
1252,basophil
1253,basophil
1254,basophil
1255,basophil
1256,basophil
1257,basophil
1258,basophil
1259,basophil
1260,basophil
1261,basophil
1262,basophil
1263,basophil
1264,basophil
1265,basophil
1266,basophil
1267,basophil
1268,basophil
1269,basophil
1270,basophil
1271,basophil
1272,basophil
1273,basophil
1274,basophil
1275,basophil
1276,basophil
1277,basophil
1278,basophil
1279,basophil
1280,basophil
1281,basophil
1282,basophil
1283,basophil
1284,basophil
1285,basophil
1286,basophil
1287,basophil
1288,basophil
1289,basophil
1290,basophil
1291,basophil
1292,basophil
1293,basophil
1294,basophil
1295,basophil
1296,basophil
1297,basophil
1298,basophil
1299,basophil
1300,basophil
1301,basophil
1302,basophil
1303,basophil
1304,basophil
1305,basophil
1306,basophil
1307,basophil
1308,basophil
1309,basophil
1310,basophil
1311,basophil
1312,basophil
1313,basophil
1314,basophil
1315,basophil
1316,basophil
1317,basophil
1318,basophil
1319,basophil
1320,basophil
1321,basophil
1322,basophil
1323,basophil
1324,basophil
1325,basophil
1326,basophil
1327,basophil
1328,basophil
1329,basophil
1330,basophil
1331,basophil
1332,basophil
1333,basophil
1334,basophil
1335,basophil
1336,basophil
1337,basophil
1338,basophil
1339,basophil
1340,basophil
1341,basophil
1342,basophil
1343,basophil
1344,basophil
1345,basophil
1346,basophil
1347,basophil
1348,basophil
1349,basophil
1350,basophil
1351,basophil
1352,basophil
1353,basophil
1354,basophil
1355,basophil
1356,basophil
1357,basophil
1358,basophil
1359,basophil
1360,basophil
1361,basophil
1362,basophil
1363,basophil
1364,basophil
1365,basophil
1366,basophil
1367,basophil
1368,basophil
1369,basophil
1370,basophil
1371,basophil
1372,basophil
1373,basophil
1374,basophil
1375,basophil
1376,basophil
1377,basophil
1378,basophil
1379,basophil
1380,basophil
1381,basophil
1382,basophil
1383,basophil
1384,basophil
1385,basophil
1386,basophil
1387,basophil
1388,basophil
1389,basophil
1390,basophil
1391,basophil
1392,basophil
1393,basophil
1394,basophil
1395,basophil
1396,basophil
1397,basophil
1398,basophil
1399,basophil
1444,limphocyte
1445,limphocyte
1446,limphocyte
1447,limphocyte
1448,limphocyte
1449,limphocyte
1450,limphocyte
1451,limphocyte
1452,limphocyte
1453,limphocyte
1454,limphocyte
1455,limphocyte
1456,limphocyte
1457,limphocyte
1458,limphocyte
1459,limphocyte
1460,limphocyte
1461,limphocyte
1462,limphocyte
1463,limphocyte
1464,limphocyte
1465,limphocyte
1466,limphocyte
1467,limphocyte
1468,limphocyte
1469,limphocyte
1470,limphocyte
1471,limphocyte
1472,limphocyte
1473,limphocyte
1474,limphocyte
1475,limphocyte
1476,limphocyte
1477,limphocyte
1478,limphocyte
1479,limphocyte
1480,limphocyte
1481,limphocyte
1482,limphocyte
1483,limphocyte
1484,limphocyte
1485,limphocyte
1486,limphocyte
1487,limphocyte
1488,limphocyte
1489,limphocyte
1490,limphocyte
1491,limphocyte
1492,limphocyte
1493,limphocyte
1494,limphocyte
1495,limphocyte
1496,limphocyte
1497,limphocyte
1498,limphocyte
1499,limphocyte
1500,limphocyte
1501,limphocyte
1502,limphocyte
1503,limphocyte
1504,limphocyte
1505,limphocyte
1506,limphocyte
1507,limphocyte
1508,limphocyte
1509,limphocyte
1510,limphocyte
1511,limphocyte
1512,limphocyte
1513,limphocyte
1514,limphocyte
1515,limphocyte
1516,limphocyte
1517,limphocyte
1518,limphocyte
1519,limphocyte
1520,limphocyte
1521,limphocyte
1522,limphocyte
1523,limphocyte
1524,limphocyte
1525,limphocyte
1526,limphocyte
1527,limphocyte
1528,limphocyte
1529,limphocyte
1530,limphocyte
1531,limphocyte
1532,limphocyte
1533,limphocyte
1534,limphocyte
1535,limphocyte
1536,limphocyte
1537,limphocyte
1538,limphocyte
1539,limphocyte
1540,limphocyte
1541,limphocyte
1542,limphocyte
1543,limphocyte
1544,limphocyte
1545,limphocyte
1546,limphocyte
1547,limphocyte
1548,limphocyte
1549,limphocyte
1550,limphocyte
1551,limphocyte
1552,limphocyte
1553,limphocyte
1554,limphocyte
1555,limphocyte
1556,limphocyte
1557,limphocyte
1558,limphocyte
1559,limphocyte
1560,limphocyte
1561,limphocyte
1562,limphocyte
1563,limphocyte
1564,limphocyte
1565,limphocyte
1566,limphocyte
1567,limphocyte
1568,limphocyte
1569,limphocyte
1570,limphocyte
1571,limphocyte
1572,limphocyte
1573,limphocyte
1574,limphocyte
1575,limphocyte
1576,limphocyte
1577,limphocyte
1578,limphocyte
1579,limphocyte
1580,limphocyte
1581,limphocyte
1582,limphocyte
1583,limphocyte
1584,limphocyte
1585,limphocyte
1586,limphocyte
1587,limphocyte
1588,limphocyte
1589,limphocyte
1590,limphocyte
1591,limphocyte
1592,limphocyte
1593,limphocyte
1594,limphocyte
1595,limphocyte
1596,limphocyte
1597,limphocyte
1598,limphocyte
1599,limphocyte
1600,limphocyte
1601,limphocyte
1602,limphocyte
1603,limphocyte
1604,limphocyte
1605,limphocyte
1606,limphocyte
1607,limphocyte
1608,limphocyte
1609,limphocyte
1610,limphocyte
1611,limphocyte
1612,limphocyte
1613,limphocyte
1614,limphocyte
1615,limphocyte
1616,limphocyte
1617,limphocyte
1618,limphocyte
1619,limphocyte
1620,limphocyte
1621,limphocyte
1622,limphocyte
1623,limphocyte
1624,limphocyte
1625,limphocyte
1626,limphocyte
1627,limphocyte
1628,limphocyte
1629,limphocyte
1630,limphocyte
1631,limphocyte
1632,limphocyte
1633,limphocyte
1634,limphocyte
1635,limphocyte
1636,limphocyte
1637,limphocyte
1638,limphocyte
1639,limphocyte
1640,limphocyte
1641,limphocyte
1642,limphocyte
1643,limphocyte
1644,limphocyte
1645,limphocyte
1646,limphocyte
1647,limphocyte
1648,limphocyte
1649,limphocyte
1650,limphocyte
1651,limphocyte
1652,limphocyte
1653,limphocyte
1654,limphocyte
1655,limphocyte
1656,limphocyte
1657,limphocyte
1658,limphocyte
1659,limphocyte
1660,limphocyte
1661,limphocyte
1662,limphocyte
1663,limphocyte
1664,limphocyte
1665,limphocyte
1666,limphocyte
1667,limphocyte
1668,limphocyte
1669,limphocyte
1670,limphocyte
1671,limphocyte
1672,limphocyte
1673,limphocyte
1674,limphocyte
1675,limphocyte
1676,limphocyte
1677,limphocyte
1678,limphocyte
1679,limphocyte
1680,limphocyte
1681,limphocyte
1682,limphocyte
1683,limphocyte
1684,limphocyte
1685,limphocyte
1686,limphocyte
1687,limphocyte
1688,limphocyte
1689,limphocyte
1690,limphocyte
1691,limphocyte
1692,limphocyte
1693,limphocyte
1694,limphocyte
1695,limphocyte
1696,limphocyte
1697,limphocyte
1698,limphocyte
1699,limphocyte
1700,limphocyte
1701,limphocyte
1702,limphocyte
1703,limphocyte
1704,limphocyte
1705,limphocyte
1706,limphocyte
1707,limphocyte
1708,limphocyte
1709,limphocyte
1710,limphocyte
1711,limphocyte
1712,limphocyte
1713,limphocyte
1714,limphocyte
1715,limphocyte
1716,limphocyte
1717,limphocyte
1718,limphocyte
1719,limphocyte
1720,limphocyte
1721,limphocyte
1722,limphocyte
1723,limphocyte
1724,limphocyte
1725,limphocyte
1726,limphocyte
1727,limphocyte
1728,limphocyte
1729,limphocyte
1730,limphocyte
1731,limphocyte
1732,limphocyte
1733,limphocyte
1734,limphocyte
1735,limphocyte
1736,limphocyte
1737,limphocyte
1738,limphocyte
1739,limphocyte
1740,limphocyte
1741,limphocyte
1742,limphocyte
1743,limphocyte
1744,limphocyte
1745,limphocyte
1746,limphocyte
1747,limphocyte
1748,limphocyte
1749,limphocyte
1750,limphocyte
1751,limphocyte
1752,limphocyte
1753,limphocyte
1754,limphocyte
1755,limphocyte
1756,limphocyte
1757,limphocyte
1758,limphocyte
1759,limphocyte
1760,limphocyte
1761,limphocyte
1762,limphocyte
1763,limphocyte
1764,limphocyte
1765,limphocyte
1766,limphocyte
1767,limphocyte
1768,limphocyte
1769,limphocyte
1770,limphocyte
1771,limphocyte
1772,limphocyte
1773,limphocyte
1774,limphocyte
1775,limphocyte
1776,limphocyte
1777,limphocyte
1778,limphocyte
1779,limphocyte
1780,limphocyte
1781,limphocyte
1782,limphocyte
1783,limphocyte
1784,limphocyte
1785,limphocyte
1786,limphocyte
1787,limphocyte
1788,limphocyte
1789,limphocyte
1790,limphocyte
1791,limphocyte
1792,limphocyte
1793,limphocyte
1794,limphocyte
1795,limphocyte
1796,limphocyte
1797,limphocyte
1798,limphocyte
1799,limphocyte
1800,limphocyte
1801,limphocyte
1802,limphocyte
1803,limphocyte
1804,limphocyte
1805,limphocyte
1806,limphocyte
1807,limphocyte
1808,limphocyte
1809,limphocyte
1810,limphocyte
1811,limphocyte
1812,limphocyte
1813,limphocyte
1814,limphocyte
1815,limphocyte
1816,limphocyte
1817,limphocyte
1818,limphocyte
1819,limphocyte
1820,limphocyte
1821,limphocyte
1822,limphocyte
1823,limphocyte
1824,limphocyte
1825,limphocyte
1826,limphocyte
1827,limphocyte
1828,limphocyte
1829,limphocyte
1830,limphocyte
1831,limphocyte
1832,limphocyte
1833,limphocyte
1834,limphocyte
1835,limphocyte
1836,limphocyte
1837,limphocyte
1838,limphocyte
1839,limphocyte
1840,limphocyte
1841,limphocyte
1842,limphocyte
1843,limphocyte
1844,limphocyte
1845,limphocyte
1846,limphocyte
1847,limphocyte
1848,limphocyte
1849,limphocyte
1850,limphocyte
1851,limphocyte
1852,limphocyte
1853,limphocyte
1854,limphocyte
1855,limphocyte
1856,limphocyte
1857,limphocyte
1858,limphocyte
1859,limphocyte
1860,limphocyte
1861,limphocyte
1862,limphocyte
1863,limphocyte
1864,limphocyte
1865,limphocyte
1866,limphocyte
1867,limphocyte
1868,limphocyte
1869,limphocyte
1870,limphocyte
1871,limphocyte
1872,limphocyte
1873,limphocyte
1874,limphocyte
1875,limphocyte
1876,limphocyte
1877,limphocyte
1878,limphocyte
1879,limphocyte
1880,limphocyte
1881,limphocyte
1882,limphocyte
1883,limphocyte
1884,limphocyte
1885,limphocyte
1886,limphocyte
1887,limphocyte
1888,limphocyte
1889,limphocyte
1890,limphocyte
1891,limphocyte
1892,limphocyte
1893,limphocyte
1894,limphocyte
1895,limphocyte
1896,limphocyte
1897,limphocyte
1898,limphocyte
1899,limphocyte
1900,limphocyte
1901,limphocyte
1902,limphocyte
1903,limphocyte
1904,limphocyte
1905,limphocyte
1906,limphocyte
1907,limphocyte
1908,limphocyte
1909,limphocyte
1910,limphocyte
1911,limphocyte
1912,limphocyte
1913,limphocyte
1914,limphocyte
1915,limphocyte
1916,limphocyte
1917,limphocyte
1918,limphocyte
1919,limphocyte
1920,limphocyte
1921,limphocyte
1922,limphocyte
1923,limphocyte
1924,limphocyte
1925,limphocyte
1926,limphocyte
1927,limphocyte
1928,limphocyte
1929,limphocyte
1930,limphocyte
1931,limphocyte
1932,limphocyte
1933,limphocyte
1934,limphocyte
1935,limphocyte
1936,limphocyte
1937,limphocyte
1938,limphocyte
1939,limphocyte
1940,limphocyte
1941,limphocyte
1942,limphocyte
1943,limphocyte
1944,limphocyte
1945,limphocyte
1946,limphocyte
1947,limphocyte
1948,limphocyte
1949,limphocyte
1950,limphocyte
1951,limphocyte
1952,limphocyte
1953,limphocyte
1954,limphocyte
1955,limphocyte
1956,limphocyte
1957,limphocyte
1958,limphocyte
1959,limphocyte
1960,limphocyte
1961,limphocyte
1962,limphocyte
1963,limphocyte
1964,limphocyte
1965,limphocyte
1966,limphocyte
1967,limphocyte
1968,limphocyte
1969,limphocyte
1970,limphocyte
1971,limphocyte
1972,limphocyte
1973,limphocyte
1974,limphocyte
1975,limphocyte
1976,limphocyte
1977,limphocyte
1978,limphocyte
1979,limphocyte
1980,limphocyte
1981,limphocyte
1982,limphocyte
1983,limphocyte
1984,limphocyte
1985,limphocyte
1986,limphocyte
1987,limphocyte
1988,limphocyte
1989,limphocyte
1990,limphocyte
1991,limphocyte
1992,limphocyte
1993,limphocyte
1994,limphocyte
1995,limphocyte
1996,limphocyte
1997,limphocyte
1998,limphocyte
1999,limphocyte
2000,limphocyte
2001,limphocyte
2002,limphocyte
2003,limphocyte
2004,limphocyte
2005,limphocyte
2006,limphocyte
2007,limphocyte
2008,limphocyte
2009,limphocyte
2010,limphocyte
2011,limphocyte
2012,limphocyte
2013,limphocyte
2014,limphocyte
2015,limphocyte
2016,limphocyte
2017,limphocyte
2018,limphocyte
2019,limphocyte
2020,limphocyte
2021,limphocyte
2022,limphocyte
2023,limphocyte
2024,limphocyte
2025,limphocyte
2026,limphocyte
2027,limphocyte
2028,limphocyte
2029,limphocyte
2030,limphocyte
2031,limphocyte
2032,limphocyte
2033,limphocyte
2034,limphocyte
2035,limphocyte
2036,limphocyte
2037,limphocyte
2038,limphocyte
2039,limphocyte
2040,limphocyte
2041,limphocyte
2042,limphocyte
2043,limphocyte
2044,limphocyte
2045,limphocyte
2046,limphocyte
2047,limphocyte
2048,limphocyte
2049,limphocyte
2050,limphocyte
2051,limphocyte
2052,limphocyte
2053,limphocyte
2054,limphocyte
2055,limphocyte
2056,limphocyte
2057,limphocyte
2058,limphocyte
2059,limphocyte
2060,limphocyte
2061,limphocyte
2062,limphocyte
2063,limphocyte
2064,limphocyte
2065,limphocyte
2066,limphocyte
2067,limphocyte
2068,limphocyte
2069,limphocyte
2070,limphocyte
2071,limphocyte
2072,limphocyte
2073,limphocyte
2074,limphocyte
2075,limphocyte
2076,limphocyte
2077,limphocyte
2078,limphocyte
2079,limphocyte
2080,limphocyte
2081,limphocyte
2082,limphocyte
2083,limphocyte
2084,limphocyte
2085,limphocyte
2086,limphocyte
2087,limphocyte
2088,limphocyte
2089,limphocyte
2090,limphocyte
2091,limphocyte
2092,limphocyte
2093,limphocyte
2094,limphocyte
2095,limphocyte
2096,limphocyte
2097,limphocyte
2098,limphocyte
2099,limphocyte
2144,monocyte
2145,monocyte
2146,monocyte
2147,monocyte
2148,monocyte
2149,monocyte
2150,monocyte
2151,monocyte
2152,monocyte
2153,monocyte
2154,monocyte
2155,monocyte
2156,monocyte
2157,monocyte
2158,monocyte
2159,monocyte
2160,monocyte
2161,monocyte
2162,monocyte
2163,monocyte
2164,monocyte
2165,monocyte
2166,monocyte
2167,monocyte
2168,monocyte
2169,monocyte
2170,monocyte
2171,monocyte
2172,monocyte
2173,monocyte
2174,monocyte
2175,monocyte
2176,monocyte
2177,monocyte
2178,monocyte
2179,monocyte
2180,monocyte
2181,monocyte
2182,monocyte
2183,monocyte
2184,monocyte
2185,monocyte
2186,monocyte
2187,monocyte
2188,monocyte
2189,monocyte
2190,monocyte
2191,monocyte
2192,monocyte
2193,monocyte
2194,monocyte
2195,monocyte
2196,monocyte
2197,monocyte
2198,monocyte
2199,monocyte
2200,monocyte
2201,monocyte
2202,monocyte
2203,monocyte
2204,monocyte
2205,monocyte
2206,monocyte
2207,monocyte
2208,monocyte
2209,monocyte
2210,monocyte
2211,monocyte
2212,monocyte
2213,monocyte
2214,monocyte
2215,monocyte
2216,monocyte
2217,monocyte
2218,monocyte
2219,monocyte
2220,monocyte
2221,monocyte
2222,monocyte
2223,monocyte
2224,monocyte
2225,monocyte
2226,monocyte
2227,monocyte
2228,monocyte
2229,monocyte
2230,monocyte
2231,monocyte
2232,monocyte
2233,monocyte
2234,monocyte
2235,monocyte
2236,monocyte
2237,monocyte
2238,monocyte
2239,monocyte
2240,monocyte
2241,monocyte
2242,monocyte
2243,monocyte
2244,monocyte
2245,monocyte
2246,monocyte
2247,monocyte
2248,monocyte
2249,monocyte
2250,monocyte
2251,monocyte
2252,monocyte
2253,monocyte
2254,monocyte
2255,monocyte
2256,monocyte
2257,monocyte
2258,monocyte
2259,monocyte
2260,monocyte
2261,monocyte
2262,monocyte
2263,monocyte
2264,monocyte
2265,monocyte
2266,monocyte
2267,monocyte
2268,monocyte
2269,monocyte
2270,monocyte
2271,monocyte
2272,monocyte
2273,monocyte
2274,monocyte
2275,monocyte
2276,monocyte
2277,monocyte
2278,monocyte
2279,monocyte
2280,monocyte
2281,monocyte
2282,monocyte
2283,monocyte
2284,monocyte
2285,monocyte
2286,monocyte
2287,monocyte
2288,monocyte
2289,monocyte
2290,monocyte
2291,monocyte
2292,monocyte
2293,monocyte
2294,monocyte
2295,monocyte
2296,monocyte
2297,monocyte
2298,monocyte
2299,monocyte
2300,monocyte
2301,monocyte
2302,monocyte
2303,monocyte
2304,monocyte
2305,monocyte
2306,monocyte
2307,monocyte
2308,monocyte
2309,monocyte
2310,monocyte
2311,monocyte
2312,monocyte
2313,monocyte
2314,monocyte
2315,monocyte
2316,monocyte
2317,monocyte
2318,monocyte
2319,monocyte
2320,monocyte
2321,monocyte
2322,monocyte
2323,monocyte
2324,monocyte
2325,monocyte
2326,monocyte
2327,monocyte
2328,monocyte
2329,monocyte
2330,monocyte
2331,monocyte
2332,monocyte
2333,monocyte
2334,monocyte
2335,monocyte
2336,monocyte
2337,monocyte
2338,monocyte
2339,monocyte
2340,monocyte
2341,monocyte
2342,monocyte
2343,monocyte
2344,monocyte
2345,monocyte
2346,monocyte
2347,monocyte
2348,monocyte
2349,monocyte
2350,monocyte
2351,monocyte
2352,monocyte
2353,monocyte
2354,monocyte
2355,monocyte
2356,monocyte
2357,monocyte
2358,monocyte
2359,monocyte
2360,monocyte
2361,monocyte
2362,monocyte
2363,monocyte
2364,monocyte
2365,monocyte
2366,monocyte
2367,monocyte
2368,monocyte
2369,monocyte
2370,monocyte
2371,monocyte
2372,monocyte
2373,monocyte
2374,monocyte
2375,monocyte
2376,monocyte
2377,monocyte
2378,monocyte
2379,monocyte
2380,monocyte
2381,monocyte
2382,monocyte
2383,monocyte
2384,monocyte
2385,monocyte
2386,monocyte
2387,monocyte
2388,monocyte
2389,monocyte
2390,monocyte
2391,monocyte
2392,monocyte
2393,monocyte
2394,monocyte
2395,monocyte
2396,monocyte
2397,monocyte
2398,monocyte
2399,monocyte
2400,monocyte
2401,monocyte
2402,monocyte
2403,monocyte
2404,monocyte
2405,monocyte
2406,monocyte
2407,monocyte
2408,monocyte
2409,monocyte
2410,monocyte
2411,monocyte
2412,monocyte
2413,monocyte
2414,monocyte
2415,monocyte
2416,monocyte
2417,monocyte
2418,monocyte
2419,monocyte
2420,monocyte
2421,monocyte
2422,monocyte
2423,monocyte
2424,monocyte
2425,monocyte
2426,monocyte
2427,monocyte
2428,monocyte
2429,monocyte
2430,monocyte
2431,monocyte
2432,monocyte
2433,monocyte
2434,monocyte
2435,monocyte
2436,monocyte
2437,monocyte
2438,monocyte
2439,monocyte
2440,monocyte
2441,monocyte
2442,monocyte
2443,monocyte
2444,monocyte
2445,monocyte
2446,monocyte
2447,monocyte
2448,monocyte
2449,monocyte
2450,monocyte
2451,monocyte
2452,monocyte
2453,monocyte
2454,monocyte
2455,monocyte
2456,monocyte
2457,monocyte
2458,monocyte
2459,monocyte
2460,monocyte
2461,monocyte
2462,monocyte
2463,monocyte
2464,monocyte
2465,monocyte
2466,monocyte
2467,monocyte
2468,monocyte
2469,monocyte
2470,monocyte
2471,monocyte
2472,monocyte
2473,monocyte
2474,monocyte
2475,monocyte
2476,monocyte
2477,monocyte
2478,monocyte
2479,monocyte
2480,monocyte
2481,monocyte
2482,monocyte
2483,monocyte
2484,monocyte
2485,monocyte
2486,monocyte
2487,monocyte
2488,monocyte
2489,monocyte
2490,monocyte
2491,monocyte
2492,monocyte
2493,monocyte
2494,monocyte
2495,monocyte
2496,monocyte
2497,monocyte
2498,monocyte
2499,monocyte
2500,monocyte
2501,monocyte
2502,monocyte
2503,monocyte
2504,monocyte
2505,monocyte
2506,monocyte
2507,monocyte
2508,monocyte
2509,monocyte
2510,monocyte
2511,monocyte
2512,monocyte
2513,monocyte
2514,monocyte
2515,monocyte
2516,monocyte
2517,monocyte
2518,monocyte
2519,monocyte
2520,monocyte
2521,monocyte
2522,monocyte
2523,monocyte
2524,monocyte
2525,monocyte
2526,monocyte
2527,monocyte
2528,monocyte
2529,monocyte
2530,monocyte
2531,monocyte
2532,monocyte
2533,monocyte
2534,monocyte
2535,monocyte
2536,monocyte
2537,monocyte
2538,monocyte
2539,monocyte
2540,monocyte
2541,monocyte
2542,monocyte
2543,monocyte
2544,monocyte
2545,monocyte
2546,monocyte
2547,monocyte
2548,monocyte
2549,monocyte
2550,monocyte
2551,monocyte
2552,monocyte
2553,monocyte
2554,monocyte
2555,monocyte
2556,monocyte
2557,monocyte
2558,monocyte
2559,monocyte
2560,monocyte
2561,monocyte
2562,monocyte
2563,monocyte
2564,monocyte
2565,monocyte
2566,monocyte
2567,monocyte
2568,monocyte
2569,monocyte
2570,monocyte
2571,monocyte
2572,monocyte
2573,monocyte
2574,monocyte
2575,monocyte
2576,monocyte
2577,monocyte
2578,monocyte
2579,monocyte
2580,monocyte
2581,monocyte
2582,monocyte
2583,monocyte
2584,monocyte
2585,monocyte
2586,monocyte
2587,monocyte
2588,monocyte
2589,monocyte
2590,monocyte
2591,monocyte
2592,monocyte
2593,monocyte
2594,monocyte
2595,monocyte
2596,monocyte
2597,monocyte
2598,monocyte
2599,monocyte
2600,monocyte
2601,monocyte
2602,monocyte
2603,monocyte
2604,monocyte
2605,monocyte
2606,monocyte
2607,monocyte
2608,monocyte
2609,monocyte
2610,monocyte
2611,monocyte
2612,monocyte
2613,monocyte
2614,monocyte
2615,monocyte
2616,monocyte
2617,monocyte
2618,monocyte
2619,monocyte
2620,monocyte
2621,monocyte
2622,monocyte
2623,monocyte
2624,monocyte
2625,monocyte
2626,monocyte
2627,monocyte
2628,monocyte
2629,monocyte
2630,monocyte
2631,monocyte
2632,monocyte
2633,monocyte
2634,monocyte
2635,monocyte
2636,monocyte
2637,monocyte
2638,monocyte
2639,monocyte
2640,monocyte
2641,monocyte
2642,monocyte
2643,monocyte
2644,monocyte
2645,monocyte
2646,monocyte
2647,monocyte
2648,monocyte
2649,monocyte
2650,monocyte
2651,monocyte
2652,monocyte
2653,monocyte
2654,monocyte
2655,monocyte
2656,monocyte
2657,monocyte
2658,monocyte
2659,monocyte
2660,monocyte
2661,monocyte
2662,monocyte
2663,monocyte
2664,monocyte
2665,monocyte
2666,monocyte
2667,monocyte
2668,monocyte
2669,monocyte
2670,monocyte
2671,monocyte
2672,monocyte
2673,monocyte
2674,monocyte
2675,monocyte
2676,monocyte
2677,monocyte
2678,monocyte
2679,monocyte
2680,monocyte
2681,monocyte
2682,monocyte
2683,monocyte
2684,monocyte
2685,monocyte
2686,monocyte
2687,monocyte
2688,monocyte
2689,monocyte
2690,monocyte
2691,monocyte
2692,monocyte
2693,monocyte
2694,monocyte
2695,monocyte
2696,monocyte
2697,monocyte
2698,monocyte
2699,monocyte
2700,monocyte
2701,monocyte
2702,monocyte
2703,monocyte
2704,monocyte
2705,monocyte
2706,monocyte
2707,monocyte
2708,monocyte
2709,monocyte
2710,monocyte
2711,monocyte
2712,monocyte
2713,monocyte
2714,monocyte
2715,monocyte
2716,monocyte
2717,monocyte
2718,monocyte
2719,monocyte
2720,monocyte
2721,monocyte
2722,monocyte
2723,monocyte
2724,monocyte
2725,monocyte
2726,monocyte
2727,monocyte
2728,monocyte
2729,monocyte
2730,monocyte
2731,monocyte
2732,monocyte
2733,monocyte
2734,monocyte
2735,monocyte
2736,monocyte
2737,monocyte
2738,monocyte
2739,monocyte
2740,monocyte
2741,monocyte
2742,monocyte
2743,monocyte
2744,monocyte
2745,monocyte
2746,monocyte
2747,monocyte
2748,monocyte
2749,monocyte
2750,monocyte
2751,monocyte
2752,monocyte
2753,monocyte
2754,monocyte
2755,monocyte
2756,monocyte
2757,monocyte
2758,monocyte
2759,monocyte
2760,monocyte
2761,monocyte
2762,monocyte
2763,monocyte
2764,monocyte
2765,monocyte
2766,monocyte
2767,monocyte
2768,monocyte
2769,monocyte
2770,monocyte
2771,monocyte
2772,monocyte
2773,monocyte
2774,monocyte
2775,monocyte
2776,monocyte
2777,monocyte
2778,monocyte
2779,monocyte
2780,monocyte
2781,monocyte
2782,monocyte
2783,monocyte
2784,monocyte
2785,monocyte
2786,monocyte
2787,monocyte
2788,monocyte
2789,monocyte
2790,monocyte
2791,monocyte
2792,monocyte
2793,monocyte
2794,monocyte
2795,monocyte
2796,monocyte
2797,monocyte
2798,monocyte
2799,monocyte
2844,neutrphil
2845,neutrphil
2846,neutrphil
2847,neutrphil
2848,neutrphil
2849,neutrphil
2850,neutrphil
2851,neutrphil
2852,neutrphil
2853,neutrphil
2854,neutrphil
2855,neutrphil
2856,neutrphil
2857,neutrphil
2858,neutrphil
2859,neutrphil
2860,neutrphil
2861,neutrphil
2862,neutrphil
2863,neutrphil
2864,neutrphil
2865,neutrphil
2866,neutrphil
2867,neutrphil
2868,neutrphil
2869,neutrphil
2870,neutrphil
2871,neutrphil
2872,neutrphil
2873,neutrphil
2874,neutrphil
2875,neutrphil
2876,neutrphil
2877,neutrphil
2878,neutrphil
2879,neutrphil
2880,neutrphil
2881,neutrphil
2882,neutrphil
2883,neutrphil
2884,neutrphil
2885,neutrphil
2886,neutrphil
2887,neutrphil
2888,neutrphil
2889,neutrphil
2890,neutrphil
2891,neutrphil
2892,neutrphil
2893,neutrphil
2894,neutrphil
2895,neutrphil
2896,neutrphil
2897,neutrphil
2898,neutrphil
2899,neutrphil
2900,neutrphil
2901,neutrphil
2902,neutrphil
2903,neutrphil
2904,neutrphil
2905,neutrphil
2906,neutrphil
2907,neutrphil
2908,neutrphil
2909,neutrphil
2910,neutrphil
2911,neutrphil
2912,neutrphil
2913,neutrphil
2914,neutrphil
2915,neutrphil
2916,neutrphil
2917,neutrphil
2918,neutrphil
2919,neutrphil
2920,neutrphil
2921,neutrphil
2922,neutrphil
2923,neutrphil
2924,neutrphil
2925,neutrphil
2926,neutrphil
2927,neutrphil
2928,neutrphil
2929,neutrphil
2930,neutrphil
2931,neutrphil
2932,neutrphil
2933,neutrphil
2934,neutrphil
2935,neutrphil
2936,neutrphil
2937,neutrphil
2938,neutrphil
2939,neutrphil
2940,neutrphil
2941,neutrphil
2942,neutrphil
2943,neutrphil
2944,neutrphil
2945,neutrphil
2946,neutrphil
2947,neutrphil
2948,neutrphil
2949,neutrphil
2950,neutrphil
2951,neutrphil
2952,neutrphil
2953,neutrphil
2954,neutrphil
2955,neutrphil
2956,neutrphil
2957,neutrphil
2958,neutrphil
2959,neutrphil
2960,neutrphil
2961,neutrphil
2962,neutrphil
2963,neutrphil
2964,neutrphil
2965,neutrphil
2966,neutrphil
2967,neutrphil
2968,neutrphil
2969,neutrphil
2970,neutrphil
2971,neutrphil
2972,neutrphil
2973,neutrphil
2974,neutrphil
2975,neutrphil
2976,neutrphil
2977,neutrphil
2978,neutrphil
2979,neutrphil
2980,neutrphil
2981,neutrphil
2982,neutrphil
2983,neutrphil
2984,neutrphil
2985,neutrphil
2986,neutrphil
2987,neutrphil
2988,neutrphil
2989,neutrphil
2990,neutrphil
2991,neutrphil
2992,neutrphil
2993,neutrphil
2994,neutrphil
2995,neutrphil
2996,neutrphil
2997,neutrphil
2998,neutrphil
2999,neutrphil
3000,neutrphil
3001,neutrphil
3002,neutrphil
3003,neutrphil
3004,neutrphil
3005,neutrphil
3006,neutrphil
3007,neutrphil
3008,neutrphil
3009,neutrphil
3010,neutrphil
3011,neutrphil
3012,neutrphil
3013,neutrphil
3014,neutrphil
3015,neutrphil
3016,neutrphil
3017,neutrphil
3018,neutrphil
3019,neutrphil
3020,neutrphil
3021,neutrphil
3022,neutrphil
3023,neutrphil
3024,neutrphil
3025,neutrphil
3026,neutrphil
3027,neutrphil
3028,neutrphil
3029,neutrphil
3030,neutrphil
3031,neutrphil
3032,neutrphil
3033,neutrphil
3034,neutrphil
3035,neutrphil
3036,neutrphil
3037,neutrphil
3038,neutrphil
3039,neutrphil
3040,neutrphil
3041,neutrphil
3042,neutrphil
3043,neutrphil
3044,neutrphil
3045,neutrphil
3046,neutrphil
3047,neutrphil
3048,neutrphil
3049,neutrphil
3050,neutrphil
3051,neutrphil
3052,neutrphil
3053,neutrphil
3054,neutrphil
3055,neutrphil
3056,neutrphil
3057,neutrphil
3058,neutrphil
3059,neutrphil
3060,neutrphil
3061,neutrphil
3062,neutrphil
3063,neutrphil
3064,neutrphil
3065,neutrphil
3066,neutrphil
3067,neutrphil
3068,neutrphil
3069,neutrphil
3070,neutrphil
3071,neutrphil
3072,neutrphil
3073,neutrphil
3074,neutrphil
3075,neutrphil
3076,neutrphil
3077,neutrphil
3078,neutrphil
3079,neutrphil
3080,neutrphil
3081,neutrphil
3082,neutrphil
3083,neutrphil
3084,neutrphil
3085,neutrphil
3086,neutrphil
3087,neutrphil
3088,neutrphil
3089,neutrphil
3090,neutrphil
3091,neutrphil
3092,neutrphil
3093,neutrphil
3094,neutrphil
3095,neutrphil
3096,neutrphil
3097,neutrphil
3098,neutrphil
3099,neutrphil
3100,neutrphil
3101,neutrphil
3102,neutrphil
3103,neutrphil
3104,neutrphil
3105,neutrphil
3106,neutrphil
3107,neutrphil
3108,neutrphil
3109,neutrphil
3110,neutrphil
3111,neutrphil
3112,neutrphil
3113,neutrphil
3114,neutrphil
3115,neutrphil
3116,neutrphil
3117,neutrphil
3118,neutrphil
3119,neutrphil
3120,neutrphil
3121,neutrphil
3122,neutrphil
3123,neutrphil
3124,neutrphil
3125,neutrphil
3126,neutrphil
3127,neutrphil
3128,neutrphil
3129,neutrphil
3130,neutrphil
3131,neutrphil
3132,neutrphil
3133,neutrphil
3134,neutrphil
3135,neutrphil
3136,neutrphil
3137,neutrphil
3138,neutrphil
3139,neutrphil
3140,neutrphil
3141,neutrphil
3142,neutrphil
3143,neutrphil
3144,neutrphil
3145,neutrphil
3146,neutrphil
3147,neutrphil
3148,neutrphil
3149,neutrphil
3150,neutrphil
3151,neutrphil
3152,neutrphil
3153,neutrphil
3154,neutrphil
3155,neutrphil
3156,neutrphil
3157,neutrphil
3158,neutrphil
3159,neutrphil
3160,neutrphil
3161,neutrphil
3162,neutrphil
3163,neutrphil
3164,neutrphil
3165,neutrphil
3166,neutrphil
3167,neutrphil
3168,neutrphil
3169,neutrphil
3170,neutrphil
3171,neutrphil
3172,neutrphil
3173,neutrphil
3174,neutrphil
3175,neutrphil
3176,neutrphil
3177,neutrphil
3178,neutrphil
3179,neutrphil
3180,neutrphil
3181,neutrphil
3182,neutrphil
3183,neutrphil
3184,neutrphil
3185,neutrphil
3186,neutrphil
3187,neutrphil
3188,neutrphil
3189,neutrphil
3190,neutrphil
3191,neutrphil
3192,neutrphil
3193,neutrphil
3194,neutrphil
3195,neutrphil
3196,neutrphil
3197,neutrphil
3198,neutrphil
3199,neutrphil
3200,neutrphil
3201,neutrphil
3202,neutrphil
3203,neutrphil
3204,neutrphil
3205,neutrphil
3206,neutrphil
3207,neutrphil
3208,neutrphil
3209,neutrphil
3210,neutrphil
3211,neutrphil
3212,neutrphil
3213,neutrphil
3214,neutrphil
3215,neutrphil
3216,neutrphil
3217,neutrphil
3218,neutrphil
3219,neutrphil
3220,neutrphil
3221,neutrphil
3222,neutrphil
3223,neutrphil
3224,neutrphil
3225,neutrphil
3226,neutrphil
3227,neutrphil
3228,neutrphil
3229,neutrphil
3230,neutrphil
3231,neutrphil
3232,neutrphil
3233,neutrphil
3234,neutrphil
3235,neutrphil
3236,neutrphil
3237,neutrphil
3238,neutrphil
3239,neutrphil
3240,neutrphil
3241,neutrphil
3242,neutrphil
3243,neutrphil
3244,neutrphil
3245,neutrphil
3246,neutrphil
3247,neutrphil
3248,neutrphil
3249,neutrphil
3250,neutrphil
3251,neutrphil
3252,neutrphil
3253,neutrphil
3254,neutrphil
3255,neutrphil
3256,neutrphil
3257,neutrphil
3258,neutrphil
3259,neutrphil
3260,neutrphil
3261,neutrphil
3262,neutrphil
3263,neutrphil
3264,neutrphil
3265,neutrphil
3266,neutrphil
3267,neutrphil
3268,neutrphil
3269,neutrphil
3270,neutrphil
3271,neutrphil
3272,neutrphil
3273,neutrphil
3274,neutrphil
3275,neutrphil
3276,neutrphil
3277,neutrphil
3278,neutrphil
3279,neutrphil
3280,neutrphil
3281,neutrphil
3282,neutrphil
3283,neutrphil
3284,neutrphil
3285,neutrphil
3286,neutrphil
3287,neutrphil
3288,neutrphil
3289,neutrphil
3290,neutrphil
3291,neutrphil
3292,neutrphil
3293,neutrphil
3294,neutrphil
3295,neutrphil
3296,neutrphil
3297,neutrphil
3298,neutrphil
3299,neutrphil
3300,neutrphil
3301,neutrphil
3302,neutrphil
3303,neutrphil
3304,neutrphil
3305,neutrphil
3306,neutrphil
3307,neutrphil
3308,neutrphil
3309,neutrphil
3310,neutrphil
3311,neutrphil
3312,neutrphil
3313,neutrphil
3314,neutrphil
3315,neutrphil
3316,neutrphil
3317,neutrphil
3318,neutrphil
3319,neutrphil
3320,neutrphil
3321,neutrphil
3322,neutrphil
3323,neutrphil
3324,neutrphil
3325,neutrphil
3326,neutrphil
3327,neutrphil
3328,neutrphil
3329,neutrphil
3330,neutrphil
3331,neutrphil
3332,neutrphil
3333,neutrphil
3334,neutrphil
3335,neutrphil
3336,neutrphil
3337,neutrphil
3338,neutrphil
3339,neutrphil
3340,neutrphil
3341,neutrphil
3342,neutrphil
3343,neutrphil
3344,neutrphil
3345,neutrphil
3346,neutrphil
3347,neutrphil
3348,neutrphil
3349,neutrphil
3350,neutrphil
3351,neutrphil
3352,neutrphil
3353,neutrphil
3354,neutrphil
3355,neutrphil
3356,neutrphil
3357,neutrphil
3358,neutrphil
3359,neutrphil
3360,neutrphil
3361,neutrphil
3362,neutrphil
3363,neutrphil
3364,neutrphil
3365,neutrphil
3366,neutrphil
3367,neutrphil
3368,neutrphil
3369,neutrphil
3370,neutrphil
3371,neutrphil
3372,neutrphil
3373,neutrphil
3374,neutrphil
3375,neutrphil
3376,neutrphil
3377,neutrphil
3378,neutrphil
3379,neutrphil
3380,neutrphil
3381,neutrphil
3382,neutrphil
3383,neutrphil
3384,neutrphil
3385,neutrphil
3386,neutrphil
3387,neutrphil
3388,neutrphil
3389,neutrphil
3390,neutrphil
3391,neutrphil
3392,neutrphil
3393,neutrphil
3394,neutrphil
3395,neutrphil
3396,neutrphil
3397,neutrphil
3398,neutrphil
3399,neutrphil
3400,neutrphil
3401,neutrphil
3402,neutrphil
3403,neutrphil
3404,neutrphil
3405,neutrphil
3406,neutrphil
3407,neutrphil
3408,neutrphil
3409,neutrphil
3410,neutrphil
3411,neutrphil
3412,neutrphil
3413,neutrphil
3414,neutrphil
3415,neutrphil
3416,neutrphil
3417,neutrphil
3418,neutrphil
3419,neutrphil
3420,neutrphil
3421,neutrphil
3422,neutrphil
3423,neutrphil
3424,neutrphil
3425,neutrphil
3426,neutrphil
3427,neutrphil
3428,neutrphil
3429,neutrphil
3430,neutrphil
3431,neutrphil
3432,neutrphil
3433,neutrphil
3434,neutrphil
3435,neutrphil
3436,neutrphil
3437,neutrphil
3438,neutrphil
3439,neutrphil
3440,neutrphil
3441,neutrphil
3442,neutrphil
3443,neutrphil
3444,neutrphil
3445,neutrphil
3446,neutrphil
3447,neutrphil
3448,neutrphil
3449,neutrphil
3450,neutrphil
3451,neutrphil
3452,neutrphil
3453,neutrphil
3454,neutrphil
3455,neutrphil
3456,neutrphil
3457,neutrphil
3458,neutrphil
3459,neutrphil
3460,neutrphil
3461,neutrphil
3462,neutrphil
3463,neutrphil
3464,neutrphil
3465,neutrphil
3466,neutrphil
3467,neutrphil
3468,neutrphil
3469,neutrphil
3470,neutrphil
3471,neutrphil
3472,neutrphil
3473,neutrphil
3474,neutrphil
3475,neutrphil
3476,neutrphil
3477,neutrphil
3478,neutrphil
3479,neutrphil
3480,neutrphil
3481,neutrphil
3482,neutrphil
3483,neutrphil
3484,neutrphil
3485,neutrphil
3486,neutrphil
3487,neutrphil
3488,neutrphil
3489,neutrphil
3490,neutrphil
3491,neutrphil
3492,neutrphil
3493,neutrphil
3494,neutrphil
3495,neutrphil
3496,neutrphil
3497,neutrphil
3498,neutrphil
3499,neutrphil